tag,x,y,direction,x_variance,y_variance,xy_covariance
yellow,112.624353282,17.001011208,0.0,0,0,0
blue,110.624353282,23.001011208,0.0,0,0,0
yellow,116.546056645,17.8257867806,0.0,0,0,0
blue,114.546056645,23.8257867806,0.0,0,0,0
yellow,120.467760007,18.6505623532,0.0,0,0,0
blue,118.467760007,24.6505623532,0.0,0,0,0
yellow,124.38946337,19.4753379257,0.0,0,0,0
blue,122.38946337,25.4753379257,0.0,0,0,0
yellow,128.311166733,20.3001134983,0.0,0,0,0
blue,126.311166733,26.3001134983,0.0,0,0,0
yellow,131.682134788,21.006878114,0.0,0,0,0
blue,129.682134788,27.006878114,0.0,0,0,0
blue,133.764580778,27.2312123844,0.0,0,0,0
yellow,134.231425859,21.2064399471,0.0,0,0,0
blue,134.231425859,27.2064399471,0.0,0,0,0
yellow,138.351703628,20.9878035576,0.0,0,0,0
blue,138.351703628,26.9878035576,0.0,0,0,0
yellow,142.471981397,20.769167168,0.0,0,0,0
blue,142.471981397,26.769167168,0.0,0,0,0
yellow,146.592259167,20.5505307785,0.0,0,0,0
blue,146.592259167,26.5505307785,0.0,0,0,0
yellow,150.712536936,20.331894389,0.0,0,0,0
blue,150.712536936,26.331894389,0.0,0,0,0
yellow,154.832814706,20.1132579995,0.0,0,0,0
blue,154.832814706,26.1132579995,0.0,0,0,0
yellow,158.953092475,19.89462161,0.0,0,0,0
blue,158.953092475,25.89462161,0.0,0,0,0
yellow,163.073370244,19.6759852205,0.0,0,0,0
blue,163.073370244,25.6759852205,0.0,0,0,0
yellow,167.193648014,19.457348831,0.0,0,0,0
blue,167.193648014,25.457348831,0.0,0,0,0
yellow,171.313925783,19.2387124415,0.0,0,0,0
blue,171.313925783,25.2387124415,0.0,0,0,0
yellow,175.434203552,19.020076052,0.0,0,0,0
blue,175.434203552,25.020076052,0.0,0,0,0
yellow,179.554481322,18.8014396625,0.0,0,0,0
blue,179.554481322,24.8014396625,0.0,0,0,0
yellow,183.674759091,18.582803273,0.0,0,0,0
blue,183.674759091,24.582803273,0.0,0,0,0
yellow,187.795036861,18.3641668835,0.0,0,0,0
blue,187.795036861,24.3641668835,0.0,0,0,0
yellow,191.91531463,18.145530494,0.0,0,0,0
blue,191.91531463,24.145530494,0.0,0,0,0
yellow,196.035592399,17.9268941045,0.0,0,0,0
blue,196.035592399,23.9268941045,0.0,0,0,0
yellow,200.155870169,17.7082577149,0.0,0,0,0
blue,200.155870169,23.7082577149,0.0,0,0,0
yellow,204.276147938,17.4896213254,0.0,0,0,0
blue,204.276147938,23.4896213254,0.0,0,0,0
yellow,208.396425708,17.2709849359,0.0,0,0,0
blue,208.396425708,23.2709849359,0.0,0,0,0
yellow,212.516703477,17.0523485464,0.0,0,0,0
blue,212.516703477,23.0523485464,0.0,0,0,0
yellow,214.105214015,16.9680566059,0.0,0,0,0
blue,214.105214015,22.9680566059,0.0,0,0,0
yellow,218.102731658,17.2132765339,0.0,0,0,0
blue,217.945093056,24.1962447513,0.0,0,0,0
yellow,222.137359701,18.2933281609,0.0,0,0,0
yellow,225.453702189,20.85519775,0.0,0,0,0
blue,221.218034813,26.7371945339,0.0,0,0,0
yellow,227.592648175,24.2635974149,0.0,0,0,0
yellow,229.208359298,25.2832559191,0.0,0,0,0
blue,221.208359298,27.2832559191,0.0,0,0,0
yellow,231.169424112,28.7826911164,0.0,0,0,0
blue,223.169424112,30.7826911164,0.0,0,0,0
yellow,233.130488926,32.2821263138,0.0,0,0,0
blue,225.130488926,34.2821263138,0.0,0,0,0
yellow,235.09155374,35.7815615111,0.0,0,0,0
blue,227.09155374,37.7815615111,0.0,0,0,0
yellow,237.052618555,39.2809967085,0.0,0,0,0
blue,229.052618555,41.2809967085,0.0,0,0,0
yellow,239.013683369,42.7804319058,0.0,0,0,0
blue,231.013683369,44.7804319058,0.0,0,0,0
yellow,240.974748183,46.2798671032,0.0,0,0,0
blue,232.974748183,48.2798671032,0.0,0,0,0
yellow,242.935812998,49.7793023005,0.0,0,0,0
blue,234.935812998,51.7793023005,0.0,0,0,0
yellow,244.896877812,53.2787374979,0.0,0,0,0
blue,236.896877812,55.2787374979,0.0,0,0,0
yellow,246.857942626,56.7781726952,0.0,0,0,0
blue,238.857942626,58.7781726952,0.0,0,0,0
yellow,248.743848008,60.1446157992,0.0,0,0,0
blue,240.743848008,62.1446157992,0.0,0,0,0
blue,243.181379407,65.4001523459,0.0,0,0,0
yellow,250.939518551,63.5160355398,0.0,0,0,0
blue,245.860334748,68.433368883,0.0,0,0,0
yellow,253.982865233,66.1834772466,0.0,0,0,0
blue,249.357589721,70.4482073415,0.0,0,0,0
blue,252.332741447,73.1699684363,0.0,0,0,0
yellow,257.664318608,67.7505158176,0.0,0,0,0
blue,256.543691562,74.3970741466,0.0,0,0,0
yellow,261.454290464,69.0359995276,0.0,0,0,0
blue,260.516770791,75.1663892478,0.0,0,0,0
blue,264.571891472,75.2469418241,0.0,0,0,0
yellow,265.487457827,69.1865695663,0.0,0,0,0
yellow,267.44848228,68.9273165777,0.0,0,0,0
blue,267.44848228,74.9273165777,0.0,0,0,0
yellow,271.51798449,68.8503400379,0.0,0,0,0
blue,271.46248077,75.2069418475,0.0,0,0,0
yellow,275.510195931,69.5391360159,0.0,0,0,0
yellow,279.417060645,72.0767954457,0.0,0,0,0
blue,274.926569137,77.3533590937,0.0,0,0,0
yellow,282.338379368,75.0354130096,0.0,0,0,0
yellow,284.602875022,78.3456648719,0.0,0,0,0
blue,276.839037676,80.9615510161,0.0,0,0,0
yellow,285.414239595,82.3069917258,0.0,0,0,0
yellow,285.487181292,82.9049483351,0.0,0,0,0
blue,277.487181292,82.9049483351,0.0,0,0,0
orange,281.487181292,82.9049483351,0.0,0,0,0
yellow,285.953014831,86.9437405021,0.0,0,0,0
blue,277.953014831,86.9437405021,0.0,0,0,0
orange,281.953014831,86.9437405021,0.0,0,0,0
yellow,286.418848369,90.982532669,0.0,0,0,0
blue,278.418848369,90.982532669,0.0,0,0,0
orange,282.418848369,90.982532669,0.0,0,0,0
yellow,286.884681907,95.021324836,0.0,0,0,0
blue,278.884681907,95.021324836,0.0,0,0,0
orange,282.884681907,95.021324836,0.0,0,0,0
yellow,287.350515446,99.060117003,0.0,0,0,0
blue,279.350515446,99.060117003,0.0,0,0,0
orange,283.350515446,99.060117003,0.0,0,0,0
yellow,287.816348984,103.09890917,0.0,0,0,0
blue,279.816348984,103.09890917,0.0,0,0,0
orange,283.816348984,103.09890917,0.0,0,0,0
yellow,288.282182523,107.137701337,0.0,0,0,0
blue,280.282182523,107.137701337,0.0,0,0,0
orange,284.282182523,107.137701337,0.0,0,0,0
yellow,288.748016061,111.176493504,0.0,0,0,0
blue,280.748016061,111.176493504,0.0,0,0,0
orange,284.748016061,111.176493504,0.0,0,0,0
yellow,289.213849599,115.215285671,0.0,0,0,0
blue,281.213849599,115.215285671,0.0,0,0,0
orange,285.213849599,115.215285671,0.0,0,0,0
yellow,289.679683138,119.254077838,0.0,0,0,0
blue,281.679683138,119.254077838,0.0,0,0,0
orange,285.679683138,119.254077838,0.0,0,0,0
yellow,290.145516676,123.292870005,0.0,0,0,0
blue,282.145516676,123.292870005,0.0,0,0,0
orange,286.145516676,123.292870005,0.0,0,0,0
yellow,290.611350214,127.331662172,0.0,0,0,0
blue,282.611350214,127.331662172,0.0,0,0,0
orange,286.611350214,127.331662172,0.0,0,0,0
yellow,291.077183753,131.370454339,0.0,0,0,0
blue,283.077183753,131.370454339,0.0,0,0,0
orange,287.077183753,131.370454339,0.0,0,0,0
yellow,291.543017291,135.409246506,0.0,0,0,0
blue,283.543017291,135.409246506,0.0,0,0,0
orange,287.543017291,135.409246506,0.0,0,0,0
yellow,291.991950579,139.334499528,0.0,0,0,0
blue,283.991950579,139.334499528,0.0,0,0,0
yellow,291.844845087,143.479843533,0.0,0,0,0
blue,282.956265262,143.282356771,0.0,0,0,0
yellow,290.86626346,147.472702858,0.0,0,0,0
yellow,288.398645105,150.775843085,0.0,0,0,0
blue,280.604209371,146.547656641,0.0,0,0,0
yellow,284.751638658,153.164671992,0.0,0,0,0
yellow,280.50917872,155.64777692,0.0,0,0,0
yellow,279.579366731,155.872629038,0.0,0,0,0
blue,277.579366731,147.872629038,0.0,0,0,0
yellow,275.659042318,156.722851597,0.0,0,0,0
blue,273.659042318,148.722851597,0.0,0,0,0
yellow,271.738717904,157.573074156,0.0,0,0,0
blue,269.738717904,149.573074156,0.0,0,0,0
yellow,267.818393491,158.423296716,0.0,0,0,0
blue,265.818393491,150.423296716,0.0,0,0,0
yellow,263.898069077,159.273519275,0.0,0,0,0
blue,261.898069077,151.273519275,0.0,0,0,0
yellow,259.977744664,160.123741834,0.0,0,0,0
blue,257.977744664,152.123741834,0.0,0,0,0
yellow,256.057420251,160.973964393,0.0,0,0,0
blue,254.057420251,152.973964393,0.0,0,0,0
yellow,252.137095837,161.824186952,0.0,0,0,0
blue,250.137095837,153.824186952,0.0,0,0,0
yellow,248.216771424,162.674409511,0.0,0,0,0
blue,246.216771424,154.674409511,0.0,0,0,0
yellow,244.296447011,163.524632071,0.0,0,0,0
blue,242.296447011,155.524632071,0.0,0,0,0
yellow,240.462457443,164.355296113,0.0,0,0,0
blue,238.462457443,156.355296113,0.0,0,0,0
blue,234.490584409,157.212757393,0.0,0,0,0
yellow,236.673202836,165.971200038,0.0,0,0,0
blue,230.809188513,158.959597083,0.0,0,0,0
blue,227.597464365,161.458647743,0.0,0,0,0
yellow,233.046885651,167.896603462,0.0,0,0,0
blue,224.611145873,164.231016138,0.0,0,0,0
yellow,230.150205076,170.76250058,0.0,0,0,0
blue,222.635805122,167.790944065,0.0,0,0,0
yellow,228.175542822,174.357299853,0.0,0,0,0
blue,219.93691819,170.867035917,0.0,0,0,0
blue,218.861299645,174.767090041,0.0,0,0,0
yellow,226.508564571,178.129017436,0.0,0,0,0
blue,218.079651521,178.766233807,0.0,0,0,0
yellow,225.982619129,182.169748316,0.0,0,0,0
blue,217.984172947,182.857860081,0.0,0,0,0
yellow,226.372566443,186.209197321,0.0,0,0,0
blue,218.517556048,186.897615904,0.0,0,0,0
blue,219.412170952,190.858516671,0.0,0,0,0
yellow,227.895892511,190.028697594,0.0,0,0,0
blue,222.204980846,194.517745734,0.0,0,0,0
yellow,229.731614411,193.710521724,0.0,0,0,0
blue,224.086085283,198.147697857,0.0,0,0,0
yellow,232.541167158,196.661883784,0.0,0,0,0
yellow,232.871681896,196.955758197,0.0,0,0,0
blue,226.871681896,200.955758197,0.0,0,0,0
yellow,235.867058176,200.201676628,0.0,0,0,0
blue,229.867058176,204.201676628,0.0,0,0,0
yellow,238.595275658,203.7678842,0.0,0,0,0
blue,231.810658636,208.125405273,0.0,0,0,0
yellow,240.476946671,207.763829609,0.0,0,0,0
yellow,241.354243252,211.730731642,0.0,0,0,0
blue,233.448900246,212.162752725,0.0,0,0,0
yellow,241.948312103,216.107413915,0.0,0,0,0
blue,233.964307577,216.5493939,0.0,0,0,0
yellow,241.89361136,220.20082058,0.0,0,0,0
blue,233.538286954,220.829281338,0.0,0,0,0
yellow,241.145176459,224.553763344,0.0,0,0,0
yellow,240.163533629,228.487793733,0.0,0,0,0
blue,231.993478555,224.896062558,0.0,0,0,0
yellow,237.14176249,232.414714534,0.0,0,0,0
blue,230.901541057,228.786057805,0.0,0,0,0
yellow,235.03902841,236.256524078,0.0,0,0,0
blue,227.840229395,231.557006671,0.0,0,0,0
yellow,231.874936294,239.338209753,0.0,0,0,0
blue,224.463192339,234.403739226,0.0,0,0,0
yellow,227.97863893,241.365235574,0.0,0,0,0
yellow,224.822046026,243.956867861,0.0,0,0,0
blue,220.412357427,236.123473426,0.0,0,0,0
yellow,220.897491228,244.966390619,0.0,0,0,0
blue,216.306582816,237.534065696,0.0,0,0,0
yellow,216.551868781,245.756220389,0.0,0,0,0
yellow,212.459122831,245.840359892,0.0,0,0,0
blue,212.017293478,237.820637196,0.0,0,0,0
yellow,208.076984785,245.287972654,0.0,0,0,0
blue,207.645777435,237.189675232,0.0,0,0,0
yellow,206.253499106,244.817121609,0.0,0,0,0
blue,206.253499106,236.817121609,0.0,0,0,0
yellow,202.396035924,243.716303863,0.0,0,0,0
blue,202.396035924,235.716303863,0.0,0,0,0
yellow,198.538572743,242.615486117,0.0,0,0,0
blue,198.538572743,234.615486117,0.0,0,0,0
yellow,194.681109561,241.514668372,0.0,0,0,0
blue,194.681109561,233.514668372,0.0,0,0,0
yellow,190.823646379,240.413850626,0.0,0,0,0
blue,190.823646379,232.413850626,0.0,0,0,0
yellow,186.966183198,239.313032881,0.0,0,0,0
blue,186.966183198,231.313032881,0.0,0,0,0
yellow,183.108720016,238.212215135,0.0,0,0,0
blue,183.108720016,230.212215135,0.0,0,0,0
yellow,179.251256835,237.111397389,0.0,0,0,0
blue,179.251256835,229.111397389,0.0,0,0,0
yellow,175.393793653,236.010579644,0.0,0,0,0
blue,175.393793653,228.010579644,0.0,0,0,0
yellow,171.536330472,234.909761898,0.0,0,0,0
blue,171.536330472,226.909761898,0.0,0,0,0
yellow,167.824170086,233.850409719,0.0,0,0,0
blue,167.824170086,225.850409719,0.0,0,0,0
orange,167.824170086,229.850409719,0.0,0,0,0
yellow,163.917739163,232.735617878,0.0,0,0,0
blue,163.917739163,224.735617878,0.0,0,0,0
orange,163.917739163,228.735617878,0.0,0,0,0
yellow,160.01130824,231.620826037,0.0,0,0,0
blue,160.01130824,223.620826037,0.0,0,0,0
orange,160.01130824,227.620826037,0.0,0,0,0
yellow,156.104877317,230.506034196,0.0,0,0,0
blue,156.104877317,222.506034196,0.0,0,0,0
orange,156.104877317,226.506034196,0.0,0,0,0
yellow,152.198446394,229.391242355,0.0,0,0,0
blue,152.198446394,221.391242355,0.0,0,0,0
orange,152.198446394,225.391242355,0.0,0,0,0
yellow,148.292015471,228.276450514,0.0,0,0,0
blue,148.292015471,220.276450514,0.0,0,0,0
orange,148.292015471,224.276450514,0.0,0,0,0
yellow,144.385584548,227.161658673,0.0,0,0,0
blue,144.385584548,219.161658673,0.0,0,0,0
orange,144.385584548,223.161658673,0.0,0,0,0
yellow,141.504555071,226.339489225,0.0,0,0,0
blue,141.504555071,218.339489225,0.0,0,0,0
yellow,141.284128603,226.276585354,0.0,0,0,0
blue,141.284128603,218.276585354,0.0,0,0,0
yellow,137.316452188,225.144315672,0.0,0,0,0
blue,137.316452188,217.144315672,0.0,0,0,0
yellow,133.348775773,224.012045991,0.0,0,0,0
blue,133.348775773,216.012045991,0.0,0,0,0
yellow,129.381099357,222.87977631,0.0,0,0,0
blue,129.381099357,214.87977631,0.0,0,0,0
yellow,125.413422942,221.747506629,0.0,0,0,0
blue,125.413422942,213.747506629,0.0,0,0,0
yellow,121.445746527,220.615236948,0.0,0,0,0
blue,121.445746527,212.615236948,0.0,0,0,0
yellow,117.478070111,219.482967266,0.0,0,0,0
blue,117.478070111,211.482967266,0.0,0,0,0
yellow,113.510393696,218.350697585,0.0,0,0,0
blue,113.510393696,210.350697585,0.0,0,0,0
yellow,109.542717281,217.218427904,0.0,0,0,0
blue,109.542717281,209.218427904,0.0,0,0,0
yellow,105.575040865,216.086158223,0.0,0,0,0
blue,105.575040865,208.086158223,0.0,0,0,0
yellow,101.60736445,214.953888542,0.0,0,0,0
blue,101.60736445,206.953888542,0.0,0,0,0
yellow,97.6396880346,213.82161886,0.0,0,0,0
blue,97.6396880346,205.82161886,0.0,0,0,0
yellow,93.6720116192,212.689349179,0.0,0,0,0
blue,93.6720116192,204.689349179,0.0,0,0,0
yellow,89.7043352039,211.557079498,0.0,0,0,0
blue,89.7043352039,203.557079498,0.0,0,0,0
yellow,85.7366587886,210.424809817,0.0,0,0,0
blue,85.7366587886,202.424809817,0.0,0,0,0
yellow,81.7689823733,209.292540136,0.0,0,0,0
blue,81.7689823733,201.292540136,0.0,0,0,0
yellow,77.8013059579,208.160270454,0.0,0,0,0
blue,77.8013059579,200.160270454,0.0,0,0,0
yellow,73.8336295426,207.028000773,0.0,0,0,0
blue,73.8336295426,199.028000773,0.0,0,0,0
yellow,69.8659531273,205.895731092,0.0,0,0,0
blue,69.8659531273,197.895731092,0.0,0,0,0
yellow,65.8982767119,204.763461411,0.0,0,0,0
blue,65.8982767119,196.763461411,0.0,0,0,0
yellow,64.2130111598,204.282531292,0.0,0,0,0
blue,64.2130111598,196.282531292,0.0,0,0,0
yellow,60.0486981852,203.063415042,0.0,0,0,0
blue,60.3882465563,194.170467672,0.0,0,0,0
yellow,55.8145226027,200.132273309,0.0,0,0,0
blue,56.9771402236,191.654681468,0.0,0,0,0
yellow,52.7188636641,197.379794074,0.0,0,0,0
yellow,50.6277468522,193.710271361,0.0,0,0,0
blue,54.6603262155,188.092077328,0.0,0,0,0
yellow,47.8418539246,190.393678751,0.0,0,0,0
blue,53.0654898685,184.269023152,0.0,0,0,0
yellow,46.7641901388,186.178439756,0.0,0,0,0
yellow,46.1702134199,182.078874186,0.0,0,0,0
blue,52.1702134199,180.078874186,0.0,0,0,0
yellow,46.2505736558,178.065003224,0.0,0,0,0
yellow,46.4710588184,176.457031523,0.0,0,0,0
blue,52.4710588184,176.457031523,0.0,0,0,0
yellow,47.1152928472,172.497639597,0.0,0,0,0
blue,53.1152928472,172.497639597,0.0,0,0,0
yellow,47.759526876,168.538247672,0.0,0,0,0
blue,53.759526876,168.538247672,0.0,0,0,0
yellow,48.4037609048,164.578855746,0.0,0,0,0
blue,54.4037609048,164.578855746,0.0,0,0,0
yellow,49.0479949336,160.61946382,0.0,0,0,0
blue,55.0479949336,160.61946382,0.0,0,0,0
yellow,49.6922289624,156.660071894,0.0,0,0,0
blue,55.6922289624,156.660071894,0.0,0,0,0
yellow,50.3364629912,152.700679968,0.0,0,0,0
blue,56.3364629912,152.700679968,0.0,0,0,0
yellow,50.98069702,148.741288042,0.0,0,0,0
blue,56.98069702,148.741288042,0.0,0,0,0
yellow,51.6249310488,144.781896117,0.0,0,0,0
blue,57.6249310488,144.781896117,0.0,0,0,0
yellow,52.2691650776,140.822504191,0.0,0,0,0
blue,58.2691650776,140.822504191,0.0,0,0,0
yellow,52.8902926851,137.007645711,0.0,0,0,0
blue,58.8902926851,137.007645711,0.0,0,0,0
blue,58.9238658596,132.953688758,0.0,0,0,0
yellow,52.046926652,133.028153277,0.0,0,0,0
blue,58.046926652,129.028153277,0.0,0,0,0
blue,55.6134165967,125.806541056,0.0,0,0,0
blue,52.1684822368,123.714420007,0.0,0,0,0
yellow,49.1462354785,130.167412284,0.0,0,0,0
blue,48.6724077727,121.618441685,0.0,0,0,0
blue,44.6431930139,121.229034221,0.0,0,0,0
yellow,45.1600402536,129.373017691,0.0,0,0,0
blue,40.6353665377,121.75890224,0.0,0,0,0
blue,36.9888377166,124.111627181,0.0,0,0,0
yellow,41.6075525976,131.297419752,0.0,0,0,0
blue,34.5069600035,127.642425564,0.0,0,0,0
yellow,40.6797562173,133.082615175,0.0,0,0,0
blue,32.6797562173,129.082615175,0.0,0,0,0
yellow,38.1574881489,136.417019036,0.0,0,0,0
blue,30.2068160032,132.407400818,0.0,0,0,0
yellow,35.1984899947,139.176895119,0.0,0,0,0
yellow,31.7638618447,141.533113106,0.0,0,0,0
blue,26.3372423468,134.063024472,0.0,0,0,0
yellow,27.8619231666,142.436498117,0.0,0,0,0
yellow,23.8339514072,142.698680482,0.0,0,0,0
blue,22.3163948621,134.584350348,0.0,0,0,0
yellow,18.8425724367,142.034240879,0.0,0,0,0
blue,18.5067311941,133.051253844,0.0,0,0,0
yellow,15.6280517364,139.543483477,0.0,0,0,0
yellow,12.0616450365,137.482577395,0.0,0,0,0
blue,15.2132923902,130.539634869,0.0,0,0,0
yellow,10.0414211096,133.884025392,0.0,0,0,0
yellow,7.60148431885,130.646420876,0.0,0,0,0
blue,13.6014843188,126.646420876,0.0,0,0,0
yellow,7.04209529694,126.65904134,0.0,0,0,0
yellow,7.13422171815,122.621136587,0.0,0,0,0
blue,13.1342217181,122.621136587,0.0,0,0,0
yellow,7.87360475393,118.673143152,0.0,0,0,0
blue,14.7104273237,118.825427528,0.0,0,0,0
yellow,10.5070799881,115.528741838,0.0,0,0,0
yellow,12.6810522758,112.05738154,0.0,0,0,0
yellow,13.2146745439,111.596695449,0.0,0,0,0
blue,17.2146745439,115.596695449,0.0,0,0,0
yellow,16.371109783,108.907086275,0.0,0,0,0
blue,20.371109783,112.907086275,0.0,0,0,0
yellow,19.5275450222,106.217477101,0.0,0,0,0
blue,23.5275450222,110.217477101,0.0,0,0,0
yellow,22.6839802614,103.527867926,0.0,0,0,0
blue,26.6839802614,107.527867926,0.0,0,0,0
yellow,25.8404155006,100.838258752,0.0,0,0,0
blue,29.8404155006,104.838258752,0.0,0,0,0
yellow,28.9968507398,98.148649578,0.0,0,0,0
blue,32.9968507398,102.148649578,0.0,0,0,0
yellow,32.153285979,95.4590404038,0.0,0,0,0
blue,36.153285979,99.4590404038,0.0,0,0,0
yellow,35.3097212181,92.7694312296,0.0,0,0,0
blue,39.3097212181,96.7694312296,0.0,0,0,0
yellow,38.4661564573,90.0798220554,0.0,0,0,0
blue,42.4661564573,94.0798220554,0.0,0,0,0
yellow,41.6225916965,87.3902128812,0.0,0,0,0
blue,45.6225916965,91.3902128812,0.0,0,0,0
yellow,44.7790269357,84.700603707,0.0,0,0,0
blue,48.7790269357,88.700603707,0.0,0,0,0
yellow,47.9354621749,82.0109945327,0.0,0,0,0
blue,51.9354621749,86.0109945327,0.0,0,0,0
yellow,51.0918974141,79.3213853585,0.0,0,0,0
blue,55.0918974141,83.3213853585,0.0,0,0,0
yellow,54.2483326532,76.6317761843,0.0,0,0,0
blue,58.2483326532,80.6317761843,0.0,0,0,0
yellow,57.4047678924,73.9421670101,0.0,0,0,0
blue,61.4047678924,77.9421670101,0.0,0,0,0
yellow,60.5612031316,71.2525578359,0.0,0,0,0
blue,64.5612031316,75.2525578359,0.0,0,0,0
yellow,63.7176383708,68.5629486617,0.0,0,0,0
blue,67.7176383708,72.5629486617,0.0,0,0,0
yellow,65.598385343,66.9611233477,0.0,0,0,0
blue,69.598385343,70.9611233477,0.0,0,0,0
yellow,68.3085286415,63.9927818107,0.0,0,0,0
blue,72.3085286415,67.9927818107,0.0,0,0,0
blue,74.6296507033,64.7340214705,0.0,0,0,0
blue,75.6908816273,60.8016922671,0.0,0,0,0
yellow,69.8281742046,60.2129671776,0.0,0,0,0
blue,76.1742632201,55.8114202946,0.0,0,0,0
yellow,70.0804564538,56.2026976209,0.0,0,0,0
blue,75.6337905235,51.8284794912,0.0,0,0,0
yellow,68.7473399872,52.3664544664,0.0,0,0,0
blue,74.5306774798,47.9116477778,0.0,0,0,0
blue,72.1773454481,44.6720375018,0.0,0,0,0
yellow,66.6857243119,48.9011311853,0.0,0,0,0
blue,69.4249734069,41.7428095616,0.0,0,0,0
blue,66.2738700665,39.252804127,0.0,0,0,0
yellow,63.2949107305,46.7335834522,0.0,0,0,0
blue,61.854793515,37.7884962864,0.0,0,0,0
yellow,58.5326255877,45.1849374876,0.0,0,0,0
blue,58.1347799528,36.2319415621,0.0,0,0,0
yellow,54.878804025,42.5387370687,0.0,0,0,0
yellow,51.2615986524,40.5373392816,0.0,0,0,0
blue,54.7509708018,34.0333334767,0.0,0,0,0
yellow,49.0303290411,36.9224771163,0.0,0,0,0
blue,52.6940591299,30.5495663789,0.0,0,0,0
yellow,46.4114605099,33.8900963849,0.0,0,0,0
yellow,45.5303156582,29.8637887773,0.0,0,0,0
blue,51.3607165084,26.7285876914,0.0,0,0,0
yellow,45.2604812844,25.8667697629,0.0,0,0,0
blue,51.5868947656,22.7317405406,0.0,0,0,0
yellow,45.7829734397,21.8934349194,0.0,0,0,0
yellow,46.8809100817,17.9388640342,0.0,0,0,0
blue,53.3503279928,19.0509349149,0.0,0,0,0
yellow,49.2818158958,14.6035298948,0.0,0,0,0
blue,55.7998172478,15.861674809,0.0,0,0,0
yellow,52.018980113,11.6763606344,0.0,0,0,0
yellow,55.2551860348,9.12210656303,0.0,0,0,0
blue,59.4546723883,14.0721945747,0.0,0,0,0
yellow,59.8146814141,7.61570421266,0.0,0,0,0
blue,63.3453717731,13.0230532211,0.0,0,0,0
yellow,63.7755275559,7.00571595702,0.0,0,0,0
yellow,67.7777683215,7.20939204221,0.0,0,0,0
blue,67.6233267747,13.3713613708,0.0,0,0,0
yellow,71.7793751908,8.04987405316,0.0,0,0,0
blue,71.5467623038,14.4298411553,0.0,0,0,0
yellow,75.6928752267,8.89122977924,0.0,0,0,0
blue,75.4602623397,15.2711968813,0.0,0,0,0
yellow,79.6063752627,9.73258550531,0.0,0,0,0
blue,79.3737623757,16.1125526074,0.0,0,0,0
yellow,83.5198752986,10.5739412314,0.0,0,0,0
blue,83.2872624116,16.9539083335,0.0,0,0,0
yellow,87.4333753346,11.4152969575,0.0,0,0,0
blue,87.2007624476,17.7952640596,0.0,0,0,0
yellow,91.3468753705,12.2566526835,0.0,0,0,0
blue,91.1142624836,18.6366197856,0.0,0,0,0
yellow,95.2603754065,13.0980084096,0.0,0,0,0
blue,95.0277625195,19.4779755117,0.0,0,0,0
yellow,99.1738754425,13.9393641357,0.0,0,0,0
blue,98.9412625555,20.3193312378,0.0,0,0,0
yellow,103.087375478,14.7807198618,0.0,0,0,0
blue,102.854762591,21.1606869639,0.0,0,0,0
yellow,107.000875514,15.6220755878,0.0,0,0,0
blue,106.768262627,22.0020426899,0.0,0,0,0
yellow,110.91437555,16.4634313139,0.0,0,0,0
blue,110.681762663,22.843398416,0.0,0,0,0
big_orange,110.313501601,16.5886234218,0.0,0,0,0
big_orange,111.013501601,16.5886234218,0.0,0,0,0
big_orange,108.313501601,22.5886234218,0.0,0,0,0
big_orange,109.013501601,22.5886234218,0.0,0,0,0
inactive_noise,5.0,124.0,0.0,0,0,0
inactive_noise,6.0,33.0,0.0,0,0,0
inactive_noise,6.0,84.0,0.0,0,0,0
inactive_noise,6.0,186.0,0.0,0,0,0
inactive_noise,7.0,41.0,0.0,0,0,0
inactive_noise,7.0,59.0,0.0,0,0,0
inactive_noise,7.0,128.0,0.0,0,0,0
inactive_noise,7.0,181.0,0.0,0,0,0
inactive_noise,8.0,83.0,0.0,0,0,0
inactive_noise,8.0,179.0,0.0,0,0,0
inactive_noise,9.0,103.0,0.0,0,0,0
inactive_noise,9.0,194.0,0.0,0,0,0
inactive_noise,10.0,45.0,0.0,0,0,0
inactive_noise,11.0,24.0,0.0,0,0,0
inactive_noise,13.0,78.0,0.0,0,0,0
inactive_noise,13.0,157.0,0.0,0,0,0
inactive_noise,13.0,232.0,0.0,0,0,0
inactive_noise,14.0,215.0,0.0,0,0,0
inactive_noise,14.0,216.0,0.0,0,0,0
inactive_noise,15.0,6.0,0.0,0,0,0
inactive_noise,15.0,8.0,0.0,0,0,0
inactive_noise,15.0,180.0,0.0,0,0,0
inactive_noise,16.0,27.0,0.0,0,0,0
inactive_noise,16.0,120.0,0.0,0,0,0
inactive_noise,16.0,181.0,0.0,0,0,0
inactive_noise,16.0,243.0,0.0,0,0,0
inactive_noise,17.0,224.0,0.0,0,0,0
inactive_noise,18.0,70.0,0.0,0,0,0
inactive_noise,18.0,120.0,0.0,0,0,0
inactive_noise,19.0,18.0,0.0,0,0,0
inactive_noise,19.0,40.0,0.0,0,0,0
inactive_noise,19.0,143.0,0.0,0,0,0
inactive_noise,19.0,216.0,0.0,0,0,0
inactive_noise,19.0,239.0,0.0,0,0,0
inactive_noise,20.0,65.0,0.0,0,0,0
inactive_noise,20.0,67.0,0.0,0,0,0
inactive_noise,20.0,134.0,0.0,0,0,0
inactive_noise,21.0,40.0,0.0,0,0,0
inactive_noise,21.0,57.0,0.0,0,0,0
inactive_noise,21.0,144.0,0.0,0,0,0
inactive_noise,21.0,197.0,0.0,0,0,0
inactive_noise,22.0,33.0,0.0,0,0,0
inactive_noise,22.0,77.0,0.0,0,0,0
inactive_noise,24.0,119.0,0.0,0,0,0
inactive_noise,24.0,156.0,0.0,0,0,0
inactive_noise,24.0,166.0,0.0,0,0,0
inactive_noise,25.0,10.0,0.0,0,0,0
inactive_noise,25.0,16.0,0.0,0,0,0
inactive_noise,25.0,86.0,0.0,0,0,0
inactive_noise,25.0,157.0,0.0,0,0,0
inactive_noise,28.0,39.0,0.0,0,0,0
inactive_noise,28.0,57.0,0.0,0,0,0
inactive_noise,28.0,76.0,0.0,0,0,0
inactive_noise,28.0,172.0,0.0,0,0,0
inactive_noise,29.0,107.0,0.0,0,0,0
inactive_noise,30.0,118.0,0.0,0,0,0
inactive_noise,30.0,130.0,0.0,0,0,0
inactive_noise,30.0,162.0,0.0,0,0,0
inactive_noise,30.0,229.0,0.0,0,0,0
inactive_noise,31.0,250.0,0.0,0,0,0
inactive_noise,32.0,64.0,0.0,0,0,0
inactive_noise,32.0,163.0,0.0,0,0,0
inactive_noise,33.0,37.0,0.0,0,0,0
inactive_noise,33.0,108.0,0.0,0,0,0
inactive_noise,33.0,115.0,0.0,0,0,0
inactive_noise,33.0,235.0,0.0,0,0,0
inactive_noise,34.0,37.0,0.0,0,0,0
inactive_noise,34.0,161.0,0.0,0,0,0
inactive_noise,34.0,183.0,0.0,0,0,0
inactive_noise,34.0,241.0,0.0,0,0,0
inactive_noise,35.0,10.0,0.0,0,0,0
inactive_noise,35.0,91.0,0.0,0,0,0
inactive_noise,35.0,128.0,0.0,0,0,0
inactive_noise,35.0,179.0,0.0,0,0,0
inactive_noise,36.0,31.0,0.0,0,0,0
inactive_noise,36.0,106.0,0.0,0,0,0
inactive_noise,36.0,220.0,0.0,0,0,0
inactive_noise,37.0,55.0,0.0,0,0,0
inactive_noise,37.0,155.0,0.0,0,0,0
inactive_noise,38.0,201.0,0.0,0,0,0
inactive_noise,39.0,105.0,0.0,0,0,0
inactive_noise,39.0,141.0,0.0,0,0,0
inactive_noise,39.0,148.0,0.0,0,0,0
inactive_noise,39.0,154.0,0.0,0,0,0
inactive_noise,39.0,216.0,0.0,0,0,0
inactive_noise,40.0,151.0,0.0,0,0,0
inactive_noise,40.0,185.0,0.0,0,0,0
inactive_noise,41.0,191.0,0.0,0,0,0
inactive_noise,42.0,32.0,0.0,0,0,0
inactive_noise,42.0,241.0,0.0,0,0,0
inactive_noise,42.0,243.0,0.0,0,0,0
inactive_noise,43.0,45.0,0.0,0,0,0
inactive_noise,43.0,66.0,0.0,0,0,0
inactive_noise,43.0,185.0,0.0,0,0,0
inactive_noise,43.0,219.0,0.0,0,0,0
inactive_noise,44.0,45.0,0.0,0,0,0
inactive_noise,44.0,59.0,0.0,0,0,0
inactive_noise,45.0,179.0,0.0,0,0,0
inactive_noise,45.0,237.0,0.0,0,0,0
inactive_noise,46.0,55.0,0.0,0,0,0
inactive_noise,46.0,64.0,0.0,0,0,0
inactive_noise,46.0,219.0,0.0,0,0,0
inactive_noise,46.0,235.0,0.0,0,0,0
inactive_noise,47.0,11.0,0.0,0,0,0
inactive_noise,47.0,46.0,0.0,0,0,0
inactive_noise,47.0,117.0,0.0,0,0,0
inactive_noise,48.0,216.0,0.0,0,0,0
inactive_noise,48.0,250.0,0.0,0,0,0
inactive_noise,49.0,8.0,0.0,0,0,0
inactive_noise,49.0,229.0,0.0,0,0,0
inactive_noise,50.0,94.0,0.0,0,0,0
inactive_noise,50.0,110.0,0.0,0,0,0
inactive_noise,51.0,67.0,0.0,0,0,0
inactive_noise,51.0,97.0,0.0,0,0,0
inactive_noise,52.0,32.0,0.0,0,0,0
inactive_noise,52.0,90.0,0.0,0,0,0
inactive_noise,52.0,118.0,0.0,0,0,0
inactive_noise,54.0,60.0,0.0,0,0,0
inactive_noise,54.0,62.0,0.0,0,0,0
inactive_noise,55.0,98.0,0.0,0,0,0
inactive_noise,56.0,217.0,0.0,0,0,0
inactive_noise,56.0,227.0,0.0,0,0,0
inactive_noise,57.0,66.0,0.0,0,0,0
inactive_noise,57.0,115.0,0.0,0,0,0
inactive_noise,57.0,226.0,0.0,0,0,0
inactive_noise,58.0,23.0,0.0,0,0,0
inactive_noise,58.0,67.0,0.0,0,0,0
inactive_noise,58.0,94.0,0.0,0,0,0
inactive_noise,58.0,222.0,0.0,0,0,0
inactive_noise,59.0,205.0,0.0,0,0,0
inactive_noise,59.0,221.0,0.0,0,0,0
inactive_noise,60.0,144.0,0.0,0,0,0
inactive_noise,60.0,229.0,0.0,0,0,0
inactive_noise,61.0,206.0,0.0,0,0,0
inactive_noise,61.0,241.0,0.0,0,0,0
inactive_noise,62.0,48.0,0.0,0,0,0
inactive_noise,62.0,137.0,0.0,0,0,0
inactive_noise,62.0,151.0,0.0,0,0,0
inactive_noise,62.0,155.0,0.0,0,0,0
inactive_noise,63.0,190.0,0.0,0,0,0
inactive_noise,66.0,123.0,0.0,0,0,0
inactive_noise,66.0,240.0,0.0,0,0,0
inactive_noise,67.0,57.0,0.0,0,0,0
inactive_noise,67.0,80.0,0.0,0,0,0
inactive_noise,67.0,234.0,0.0,0,0,0
inactive_noise,67.0,247.0,0.0,0,0,0
inactive_noise,68.0,55.0,0.0,0,0,0
inactive_noise,68.0,144.0,0.0,0,0,0
inactive_noise,68.0,167.0,0.0,0,0,0
inactive_noise,68.0,237.0,0.0,0,0,0
inactive_noise,69.0,125.0,0.0,0,0,0
inactive_noise,69.0,182.0,0.0,0,0,0
inactive_noise,70.0,249.0,0.0,0,0,0
inactive_noise,71.0,186.0,0.0,0,0,0
inactive_noise,71.0,225.0,0.0,0,0,0
inactive_noise,71.0,232.0,0.0,0,0,0
inactive_noise,71.0,250.0,0.0,0,0,0
inactive_noise,72.0,81.0,0.0,0,0,0
inactive_noise,72.0,172.0,0.0,0,0,0
inactive_noise,73.0,86.0,0.0,0,0,0
inactive_noise,73.0,216.0,0.0,0,0,0
inactive_noise,74.0,227.0,0.0,0,0,0
inactive_noise,75.0,220.0,0.0,0,0,0
inactive_noise,76.0,43.0,0.0,0,0,0
inactive_noise,76.0,62.0,0.0,0,0,0
inactive_noise,76.0,132.0,0.0,0,0,0
inactive_noise,77.0,168.0,0.0,0,0,0
inactive_noise,77.0,182.0,0.0,0,0,0
inactive_noise,77.0,222.0,0.0,0,0,0
inactive_noise,77.0,241.0,0.0,0,0,0
inactive_noise,78.0,39.0,0.0,0,0,0
inactive_noise,78.0,47.0,0.0,0,0,0
inactive_noise,78.0,164.0,0.0,0,0,0
inactive_noise,78.0,237.0,0.0,0,0,0
inactive_noise,79.0,96.0,0.0,0,0,0
inactive_noise,79.0,126.0,0.0,0,0,0
inactive_noise,80.0,18.0,0.0,0,0,0
inactive_noise,80.0,37.0,0.0,0,0,0
inactive_noise,80.0,144.0,0.0,0,0,0
inactive_noise,80.0,217.0,0.0,0,0,0
inactive_noise,81.0,244.0,0.0,0,0,0
inactive_noise,82.0,103.0,0.0,0,0,0
inactive_noise,82.0,195.0,0.0,0,0,0
inactive_noise,82.0,214.0,0.0,0,0,0
inactive_noise,84.0,186.0,0.0,0,0,0
inactive_noise,85.0,18.0,0.0,0,0,0
inactive_noise,85.0,58.0,0.0,0,0,0
inactive_noise,85.0,144.0,0.0,0,0,0
inactive_noise,86.0,165.0,0.0,0,0,0
inactive_noise,86.0,172.0,0.0,0,0,0
inactive_noise,86.0,196.0,0.0,0,0,0
inactive_noise,87.0,51.0,0.0,0,0,0
inactive_noise,87.0,57.0,0.0,0,0,0
inactive_noise,87.0,100.0,0.0,0,0,0
inactive_noise,87.0,128.0,0.0,0,0,0
inactive_noise,88.0,9.0,0.0,0,0,0
inactive_noise,88.0,210.0,0.0,0,0,0
inactive_noise,89.0,20.0,0.0,0,0,0
inactive_noise,90.0,28.0,0.0,0,0,0
inactive_noise,90.0,128.0,0.0,0,0,0
inactive_noise,90.0,191.0,0.0,0,0,0
inactive_noise,90.0,210.0,0.0,0,0,0
inactive_noise,91.0,37.0,0.0,0,0,0
inactive_noise,91.0,219.0,0.0,0,0,0
inactive_noise,92.0,199.0,0.0,0,0,0
inactive_noise,92.0,242.0,0.0,0,0,0
inactive_noise,93.0,118.0,0.0,0,0,0
inactive_noise,93.0,136.0,0.0,0,0,0
inactive_noise,93.0,243.0,0.0,0,0,0
inactive_noise,94.0,24.0,0.0,0,0,0
inactive_noise,94.0,32.0,0.0,0,0,0
inactive_noise,94.0,175.0,0.0,0,0,0
inactive_noise,94.0,234.0,0.0,0,0,0
inactive_noise,95.0,182.0,0.0,0,0,0
inactive_noise,95.0,216.0,0.0,0,0,0
inactive_noise,96.0,175.0,0.0,0,0,0
inactive_noise,96.0,193.0,0.0,0,0,0
inactive_noise,97.0,124.0,0.0,0,0,0
inactive_noise,97.0,129.0,0.0,0,0,0
inactive_noise,98.0,72.0,0.0,0,0,0
inactive_noise,98.0,89.0,0.0,0,0,0
inactive_noise,99.0,30.0,0.0,0,0,0
inactive_noise,99.0,115.0,0.0,0,0,0
inactive_noise,99.0,119.0,0.0,0,0,0
inactive_noise,99.0,168.0,0.0,0,0,0
inactive_noise,100.0,130.0,0.0,0,0,0
inactive_noise,101.0,12.0,0.0,0,0,0
inactive_noise,104.0,151.0,0.0,0,0,0
inactive_noise,104.0,162.0,0.0,0,0,0
inactive_noise,104.0,168.0,0.0,0,0,0
inactive_noise,106.0,46.0,0.0,0,0,0
inactive_noise,106.0,121.0,0.0,0,0,0
inactive_noise,106.0,125.0,0.0,0,0,0
inactive_noise,107.0,6.0,0.0,0,0,0
inactive_noise,107.0,29.0,0.0,0,0,0
inactive_noise,107.0,106.0,0.0,0,0,0
inactive_noise,107.0,107.0,0.0,0,0,0
inactive_noise,108.0,58.0,0.0,0,0,0
inactive_noise,108.0,153.0,0.0,0,0,0
inactive_noise,109.0,36.0,0.0,0,0,0
inactive_noise,109.0,117.0,0.0,0,0,0
inactive_noise,110.0,58.0,0.0,0,0,0
inactive_noise,111.0,90.0,0.0,0,0,0
inactive_noise,111.0,99.0,0.0,0,0,0
inactive_noise,111.0,247.0,0.0,0,0,0
inactive_noise,112.0,55.0,0.0,0,0,0
inactive_noise,112.0,56.0,0.0,0,0,0
inactive_noise,112.0,62.0,0.0,0,0,0
inactive_noise,112.0,149.0,0.0,0,0,0
inactive_noise,112.0,230.0,0.0,0,0,0
inactive_noise,113.0,177.0,0.0,0,0,0
inactive_noise,114.0,154.0,0.0,0,0,0
inactive_noise,114.0,197.0,0.0,0,0,0
inactive_noise,115.0,31.0,0.0,0,0,0
inactive_noise,115.0,229.0,0.0,0,0,0
inactive_noise,116.0,7.0,0.0,0,0,0
inactive_noise,116.0,11.0,0.0,0,0,0
inactive_noise,116.0,227.0,0.0,0,0,0
inactive_noise,117.0,7.0,0.0,0,0,0
inactive_noise,117.0,142.0,0.0,0,0,0
inactive_noise,117.0,188.0,0.0,0,0,0
inactive_noise,117.0,206.0,0.0,0,0,0
inactive_noise,117.0,235.0,0.0,0,0,0
inactive_noise,118.0,61.0,0.0,0,0,0
inactive_noise,118.0,152.0,0.0,0,0,0
inactive_noise,118.0,221.0,0.0,0,0,0
inactive_noise,119.0,50.0,0.0,0,0,0
inactive_noise,119.0,231.0,0.0,0,0,0
inactive_noise,120.0,108.0,0.0,0,0,0
inactive_noise,120.0,230.0,0.0,0,0,0
inactive_noise,121.0,12.0,0.0,0,0,0
inactive_noise,122.0,86.0,0.0,0,0,0
inactive_noise,122.0,129.0,0.0,0,0,0
inactive_noise,123.0,9.0,0.0,0,0,0
inactive_noise,123.0,36.0,0.0,0,0,0
inactive_noise,124.0,30.0,0.0,0,0,0
inactive_noise,124.0,85.0,0.0,0,0,0
inactive_noise,125.0,69.0,0.0,0,0,0
inactive_noise,125.0,109.0,0.0,0,0,0
inactive_noise,125.0,247.0,0.0,0,0,0
inactive_noise,126.0,247.0,0.0,0,0,0
inactive_noise,128.0,81.0,0.0,0,0,0
inactive_noise,128.0,88.0,0.0,0,0,0
inactive_noise,128.0,108.0,0.0,0,0,0
inactive_noise,128.0,208.0,0.0,0,0,0
inactive_noise,129.0,28.0,0.0,0,0,0
inactive_noise,129.0,60.0,0.0,0,0,0
inactive_noise,129.0,91.0,0.0,0,0,0
inactive_noise,129.0,108.0,0.0,0,0,0
inactive_noise,129.0,180.0,0.0,0,0,0
inactive_noise,130.0,47.0,0.0,0,0,0
inactive_noise,131.0,72.0,0.0,0,0,0
inactive_noise,131.0,202.0,0.0,0,0,0
inactive_noise,131.0,244.0,0.0,0,0,0
inactive_noise,132.0,6.0,0.0,0,0,0
inactive_noise,133.0,232.0,0.0,0,0,0
inactive_noise,134.0,213.0,0.0,0,0,0
inactive_noise,134.0,241.0,0.0,0,0,0
inactive_noise,135.0,15.0,0.0,0,0,0
inactive_noise,135.0,49.0,0.0,0,0,0
inactive_noise,135.0,119.0,0.0,0,0,0
inactive_noise,136.0,33.0,0.0,0,0,0
inactive_noise,136.0,74.0,0.0,0,0,0
inactive_noise,136.0,89.0,0.0,0,0,0
inactive_noise,138.0,101.0,0.0,0,0,0
inactive_noise,138.0,152.0,0.0,0,0,0
inactive_noise,138.0,158.0,0.0,0,0,0
inactive_noise,138.0,180.0,0.0,0,0,0
inactive_noise,138.0,195.0,0.0,0,0,0
inactive_noise,139.0,20.0,0.0,0,0,0
inactive_noise,139.0,32.0,0.0,0,0,0
inactive_noise,139.0,197.0,0.0,0,0,0
inactive_noise,139.0,229.0,0.0,0,0,0
inactive_noise,140.0,168.0,0.0,0,0,0
inactive_noise,141.0,129.0,0.0,0,0,0
inactive_noise,141.0,181.0,0.0,0,0,0
inactive_noise,142.0,64.0,0.0,0,0,0
inactive_noise,142.0,107.0,0.0,0,0,0
inactive_noise,142.0,150.0,0.0,0,0,0
inactive_noise,143.0,117.0,0.0,0,0,0
inactive_noise,143.0,133.0,0.0,0,0,0
inactive_noise,143.0,140.0,0.0,0,0,0
inactive_noise,143.0,148.0,0.0,0,0,0
inactive_noise,143.0,180.0,0.0,0,0,0
inactive_noise,143.0,201.0,0.0,0,0,0
inactive_noise,144.0,124.0,0.0,0,0,0
inactive_noise,144.0,212.0,0.0,0,0,0
inactive_noise,145.0,29.0,0.0,0,0,0
inactive_noise,145.0,42.0,0.0,0,0,0
inactive_noise,145.0,185.0,0.0,0,0,0
inactive_noise,145.0,196.0,0.0,0,0,0
inactive_noise,146.0,12.0,0.0,0,0,0
inactive_noise,146.0,69.0,0.0,0,0,0
inactive_noise,147.0,15.0,0.0,0,0,0
inactive_noise,147.0,100.0,0.0,0,0,0
inactive_noise,148.0,12.0,0.0,0,0,0
inactive_noise,149.0,55.0,0.0,0,0,0
inactive_noise,149.0,100.0,0.0,0,0,0
inactive_noise,150.0,115.0,0.0,0,0,0
inactive_noise,150.0,212.0,0.0,0,0,0
inactive_noise,151.0,67.0,0.0,0,0,0
inactive_noise,151.0,167.0,0.0,0,0,0
inactive_noise,152.0,78.0,0.0,0,0,0
inactive_noise,152.0,144.0,0.0,0,0,0
inactive_noise,152.0,159.0,0.0,0,0,0
inactive_noise,152.0,216.0,0.0,0,0,0
inactive_noise,153.0,195.0,0.0,0,0,0
inactive_noise,154.0,5.0,0.0,0,0,0
inactive_noise,154.0,234.0,0.0,0,0,0
inactive_noise,155.0,132.0,0.0,0,0,0
inactive_noise,156.0,38.0,0.0,0,0,0
inactive_noise,156.0,135.0,0.0,0,0,0
inactive_noise,157.0,28.0,0.0,0,0,0
inactive_noise,157.0,160.0,0.0,0,0,0
inactive_noise,157.0,172.0,0.0,0,0,0
inactive_noise,158.0,62.0,0.0,0,0,0
inactive_noise,159.0,57.0,0.0,0,0,0
inactive_noise,159.0,58.0,0.0,0,0,0
inactive_noise,159.0,144.0,0.0,0,0,0
inactive_noise,159.0,147.0,0.0,0,0,0
inactive_noise,160.0,36.0,0.0,0,0,0
inactive_noise,160.0,76.0,0.0,0,0,0
inactive_noise,160.0,81.0,0.0,0,0,0
inactive_noise,161.0,119.0,0.0,0,0,0
inactive_noise,162.0,19.0,0.0,0,0,0
inactive_noise,163.0,128.0,0.0,0,0,0
inactive_noise,163.0,221.0,0.0,0,0,0
inactive_noise,163.0,240.0,0.0,0,0,0
inactive_noise,164.0,182.0,0.0,0,0,0
inactive_noise,164.0,206.0,0.0,0,0,0
inactive_noise,164.0,244.0,0.0,0,0,0
inactive_noise,165.0,135.0,0.0,0,0,0
inactive_noise,166.0,61.0,0.0,0,0,0
inactive_noise,167.0,149.0,0.0,0,0,0
inactive_noise,167.0,198.0,0.0,0,0,0
inactive_noise,169.0,43.0,0.0,0,0,0
inactive_noise,169.0,109.0,0.0,0,0,0
inactive_noise,169.0,175.0,0.0,0,0,0
inactive_noise,170.0,13.0,0.0,0,0,0
inactive_noise,171.0,31.0,0.0,0,0,0
inactive_noise,171.0,61.0,0.0,0,0,0
inactive_noise,173.0,148.0,0.0,0,0,0
inactive_noise,173.0,241.0,0.0,0,0,0
inactive_noise,174.0,130.0,0.0,0,0,0
inactive_noise,174.0,209.0,0.0,0,0,0
inactive_noise,175.0,27.0,0.0,0,0,0
inactive_noise,175.0,55.0,0.0,0,0,0
inactive_noise,175.0,181.0,0.0,0,0,0
inactive_noise,176.0,199.0,0.0,0,0,0
inactive_noise,177.0,5.0,0.0,0,0,0
inactive_noise,177.0,61.0,0.0,0,0,0
inactive_noise,177.0,127.0,0.0,0,0,0
inactive_noise,178.0,64.0,0.0,0,0,0
inactive_noise,178.0,147.0,0.0,0,0,0
inactive_noise,179.0,15.0,0.0,0,0,0
inactive_noise,179.0,17.0,0.0,0,0,0
inactive_noise,179.0,51.0,0.0,0,0,0
inactive_noise,179.0,144.0,0.0,0,0,0
inactive_noise,179.0,171.0,0.0,0,0,0
inactive_noise,179.0,195.0,0.0,0,0,0
inactive_noise,180.0,135.0,0.0,0,0,0
inactive_noise,180.0,203.0,0.0,0,0,0
inactive_noise,181.0,34.0,0.0,0,0,0
inactive_noise,181.0,180.0,0.0,0,0,0
inactive_noise,181.0,195.0,0.0,0,0,0
inactive_noise,182.0,220.0,0.0,0,0,0
inactive_noise,182.0,238.0,0.0,0,0,0
inactive_noise,183.0,33.0,0.0,0,0,0
inactive_noise,183.0,67.0,0.0,0,0,0
inactive_noise,183.0,109.0,0.0,0,0,0
inactive_noise,183.0,250.0,0.0,0,0,0
inactive_noise,184.0,28.0,0.0,0,0,0
inactive_noise,186.0,178.0,0.0,0,0,0
inactive_noise,186.0,225.0,0.0,0,0,0
inactive_noise,187.0,11.0,0.0,0,0,0
inactive_noise,187.0,97.0,0.0,0,0,0
inactive_noise,187.0,126.0,0.0,0,0,0
inactive_noise,187.0,246.0,0.0,0,0,0
inactive_noise,188.0,32.0,0.0,0,0,0
inactive_noise,188.0,133.0,0.0,0,0,0
inactive_noise,188.0,192.0,0.0,0,0,0
inactive_noise,189.0,49.0,0.0,0,0,0
inactive_noise,189.0,174.0,0.0,0,0,0
inactive_noise,190.0,65.0,0.0,0,0,0
inactive_noise,190.0,84.0,0.0,0,0,0
inactive_noise,190.0,158.0,0.0,0,0,0
inactive_noise,191.0,178.0,0.0,0,0,0
inactive_noise,191.0,219.0,0.0,0,0,0
inactive_noise,191.0,240.0,0.0,0,0,0
inactive_noise,192.0,68.0,0.0,0,0,0
inactive_noise,192.0,228.0,0.0,0,0,0
inactive_noise,193.0,52.0,0.0,0,0,0
inactive_noise,193.0,67.0,0.0,0,0,0
inactive_noise,193.0,123.0,0.0,0,0,0
inactive_noise,194.0,32.0,0.0,0,0,0
inactive_noise,194.0,73.0,0.0,0,0,0
inactive_noise,194.0,104.0,0.0,0,0,0
inactive_noise,194.0,138.0,0.0,0,0,0
inactive_noise,194.0,180.0,0.0,0,0,0
inactive_noise,195.0,99.0,0.0,0,0,0
inactive_noise,195.0,119.0,0.0,0,0,0
inactive_noise,195.0,145.0,0.0,0,0,0
inactive_noise,195.0,185.0,0.0,0,0,0
inactive_noise,195.0,234.0,0.0,0,0,0
inactive_noise,196.0,72.0,0.0,0,0,0
inactive_noise,196.0,84.0,0.0,0,0,0
inactive_noise,197.0,82.0,0.0,0,0,0
inactive_noise,197.0,129.0,0.0,0,0,0
inactive_noise,197.0,150.0,0.0,0,0,0
inactive_noise,197.0,218.0,0.0,0,0,0
inactive_noise,198.0,33.0,0.0,0,0,0
inactive_noise,199.0,181.0,0.0,0,0,0
inactive_noise,199.0,208.0,0.0,0,0,0
inactive_noise,200.0,103.0,0.0,0,0,0
inactive_noise,200.0,107.0,0.0,0,0,0
inactive_noise,200.0,118.0,0.0,0,0,0
inactive_noise,200.0,224.0,0.0,0,0,0
inactive_noise,201.0,146.0,0.0,0,0,0
inactive_noise,201.0,149.0,0.0,0,0,0
inactive_noise,202.0,91.0,0.0,0,0,0
inactive_noise,202.0,185.0,0.0,0,0,0
inactive_noise,202.0,225.0,0.0,0,0,0
inactive_noise,203.0,48.0,0.0,0,0,0
inactive_noise,203.0,121.0,0.0,0,0,0
inactive_noise,203.0,211.0,0.0,0,0,0
inactive_noise,204.0,58.0,0.0,0,0,0
inactive_noise,204.0,134.0,0.0,0,0,0
inactive_noise,204.0,149.0,0.0,0,0,0
inactive_noise,204.0,217.0,0.0,0,0,0
inactive_noise,205.0,50.0,0.0,0,0,0
inactive_noise,205.0,208.0,0.0,0,0,0
inactive_noise,206.0,59.0,0.0,0,0,0
inactive_noise,206.0,189.0,0.0,0,0,0
inactive_noise,206.0,235.0,0.0,0,0,0
inactive_noise,207.0,49.0,0.0,0,0,0
inactive_noise,207.0,150.0,0.0,0,0,0
inactive_noise,207.0,207.0,0.0,0,0,0
inactive_noise,208.0,161.0,0.0,0,0,0
inactive_noise,208.0,174.0,0.0,0,0,0
inactive_noise,209.0,47.0,0.0,0,0,0
inactive_noise,209.0,226.0,0.0,0,0,0
inactive_noise,210.0,24.0,0.0,0,0,0
inactive_noise,210.0,39.0,0.0,0,0,0
inactive_noise,210.0,134.0,0.0,0,0,0
inactive_noise,210.0,156.0,0.0,0,0,0
inactive_noise,210.0,189.0,0.0,0,0,0
inactive_noise,210.0,191.0,0.0,0,0,0
inactive_noise,210.0,219.0,0.0,0,0,0
inactive_noise,211.0,40.0,0.0,0,0,0
inactive_noise,211.0,82.0,0.0,0,0,0
inactive_noise,211.0,189.0,0.0,0,0,0
inactive_noise,211.0,200.0,0.0,0,0,0
inactive_noise,211.0,226.0,0.0,0,0,0
inactive_noise,212.0,173.0,0.0,0,0,0
inactive_noise,212.0,213.0,0.0,0,0,0
inactive_noise,213.0,16.0,0.0,0,0,0
inactive_noise,213.0,67.0,0.0,0,0,0
inactive_noise,213.0,80.0,0.0,0,0,0
inactive_noise,213.0,127.0,0.0,0,0,0
inactive_noise,213.0,151.0,0.0,0,0,0
inactive_noise,213.0,188.0,0.0,0,0,0
inactive_noise,213.0,207.0,0.0,0,0,0
inactive_noise,213.0,211.0,0.0,0,0,0
inactive_noise,213.0,225.0,0.0,0,0,0
inactive_noise,214.0,77.0,0.0,0,0,0
inactive_noise,214.0,98.0,0.0,0,0,0
inactive_noise,214.0,101.0,0.0,0,0,0
inactive_noise,214.0,125.0,0.0,0,0,0
inactive_noise,214.0,131.0,0.0,0,0,0
inactive_noise,214.0,170.0,0.0,0,0,0
inactive_noise,215.0,117.0,0.0,0,0,0
inactive_noise,215.0,137.0,0.0,0,0,0
inactive_noise,215.0,201.0,0.0,0,0,0
inactive_noise,217.0,14.0,0.0,0,0,0
inactive_noise,217.0,48.0,0.0,0,0,0
inactive_noise,217.0,163.0,0.0,0,0,0
inactive_noise,217.0,235.0,0.0,0,0,0
inactive_noise,217.0,250.0,0.0,0,0,0
inactive_noise,218.0,16.0,0.0,0,0,0
inactive_noise,218.0,94.0,0.0,0,0,0
inactive_noise,218.0,166.0,0.0,0,0,0
inactive_noise,218.0,221.0,0.0,0,0,0
inactive_noise,219.0,26.0,0.0,0,0,0
inactive_noise,219.0,71.0,0.0,0,0,0
inactive_noise,219.0,112.0,0.0,0,0,0
inactive_noise,219.0,161.0,0.0,0,0,0
inactive_noise,220.0,57.0,0.0,0,0,0
inactive_noise,220.0,104.0,0.0,0,0,0
inactive_noise,221.0,101.0,0.0,0,0,0
inactive_noise,222.0,63.0,0.0,0,0,0
inactive_noise,222.0,94.0,0.0,0,0,0
inactive_noise,222.0,114.0,0.0,0,0,0
inactive_noise,222.0,135.0,0.0,0,0,0
inactive_noise,222.0,143.0,0.0,0,0,0
inactive_noise,222.0,147.0,0.0,0,0,0
inactive_noise,223.0,84.0,0.0,0,0,0
inactive_noise,224.0,63.0,0.0,0,0,0
inactive_noise,224.0,79.0,0.0,0,0,0
inactive_noise,224.0,114.0,0.0,0,0,0
inactive_noise,225.0,75.0,0.0,0,0,0
inactive_noise,225.0,80.0,0.0,0,0,0
inactive_noise,225.0,129.0,0.0,0,0,0
inactive_noise,226.0,23.0,0.0,0,0,0
inactive_noise,229.0,153.0,0.0,0,0,0
inactive_noise,230.0,195.0,0.0,0,0,0
inactive_noise,231.0,80.0,0.0,0,0,0
inactive_noise,231.0,129.0,0.0,0,0,0
inactive_noise,231.0,179.0,0.0,0,0,0
inactive_noise,232.0,24.0,0.0,0,0,0
inactive_noise,232.0,29.0,0.0,0,0,0
inactive_noise,232.0,108.0,0.0,0,0,0
inactive_noise,232.0,167.0,0.0,0,0,0
inactive_noise,232.0,168.0,0.0,0,0,0
inactive_noise,233.0,102.0,0.0,0,0,0
inactive_noise,233.0,105.0,0.0,0,0,0
inactive_noise,234.0,14.0,0.0,0,0,0
inactive_noise,234.0,199.0,0.0,0,0,0
inactive_noise,236.0,192.0,0.0,0,0,0
inactive_noise,237.0,109.0,0.0,0,0,0
inactive_noise,237.0,204.0,0.0,0,0,0
inactive_noise,239.0,79.0,0.0,0,0,0
inactive_noise,239.0,224.0,0.0,0,0,0
inactive_noise,240.0,85.0,0.0,0,0,0
inactive_noise,240.0,105.0,0.0,0,0,0
inactive_noise,240.0,112.0,0.0,0,0,0
inactive_noise,240.0,129.0,0.0,0,0,0
inactive_noise,240.0,168.0,0.0,0,0,0
inactive_noise,241.0,144.0,0.0,0,0,0
inactive_noise,242.0,48.0,0.0,0,0,0
inactive_noise,242.0,173.0,0.0,0,0,0
inactive_noise,242.0,178.0,0.0,0,0,0
inactive_noise,243.0,48.0,0.0,0,0,0
inactive_noise,243.0,95.0,0.0,0,0,0
inactive_noise,244.0,29.0,0.0,0,0,0
inactive_noise,244.0,150.0,0.0,0,0,0
inactive_noise,245.0,155.0,0.0,0,0,0
inactive_noise,245.0,173.0,0.0,0,0,0
inactive_noise,246.0,25.0,0.0,0,0,0
inactive_noise,246.0,139.0,0.0,0,0,0
inactive_noise,246.0,178.0,0.0,0,0,0
inactive_noise,248.0,26.0,0.0,0,0,0
inactive_noise,248.0,237.0,0.0,0,0,0
inactive_noise,248.0,239.0,0.0,0,0,0
inactive_noise,249.0,196.0,0.0,0,0,0
inactive_noise,250.0,73.0,0.0,0,0,0
inactive_noise,250.0,183.0,0.0,0,0,0
inactive_noise,251.0,77.0,0.0,0,0,0
inactive_noise,252.0,75.0,0.0,0,0,0
inactive_noise,252.0,88.0,0.0,0,0,0
inactive_noise,252.0,91.0,0.0,0,0,0
inactive_noise,252.0,112.0,0.0,0,0,0
inactive_noise,253.0,95.0,0.0,0,0,0
inactive_noise,253.0,100.0,0.0,0,0,0
inactive_noise,253.0,201.0,0.0,0,0,0
inactive_noise,253.0,211.0,0.0,0,0,0
inactive_noise,255.0,117.0,0.0,0,0,0
inactive_noise,256.0,12.0,0.0,0,0,0
inactive_noise,256.0,46.0,0.0,0,0,0
inactive_noise,256.0,52.0,0.0,0,0,0
inactive_noise,256.0,54.0,0.0,0,0,0
inactive_noise,256.0,63.0,0.0,0,0,0
inactive_noise,256.0,115.0,0.0,0,0,0
inactive_noise,256.0,147.0,0.0,0,0,0
inactive_noise,256.0,242.0,0.0,0,0,0
inactive_noise,257.0,229.0,0.0,0,0,0
inactive_noise,258.0,36.0,0.0,0,0,0
inactive_noise,258.0,41.0,0.0,0,0,0
inactive_noise,258.0,126.0,0.0,0,0,0
inactive_noise,258.0,135.0,0.0,0,0,0
inactive_noise,258.0,165.0,0.0,0,0,0
inactive_noise,258.0,184.0,0.0,0,0,0
inactive_noise,260.0,222.0,0.0,0,0,0
inactive_noise,260.0,223.0,0.0,0,0,0
inactive_noise,261.0,58.0,0.0,0,0,0
inactive_noise,261.0,102.0,0.0,0,0,0
inactive_noise,261.0,114.0,0.0,0,0,0
inactive_noise,261.0,224.0,0.0,0,0,0
inactive_noise,262.0,133.0,0.0,0,0,0
inactive_noise,262.0,146.0,0.0,0,0,0
inactive_noise,262.0,233.0,0.0,0,0,0
inactive_noise,263.0,75.0,0.0,0,0,0
inactive_noise,263.0,227.0,0.0,0,0,0
inactive_noise,263.0,233.0,0.0,0,0,0
inactive_noise,263.0,234.0,0.0,0,0,0
inactive_noise,264.0,130.0,0.0,0,0,0
inactive_noise,264.0,218.0,0.0,0,0,0
inactive_noise,264.0,229.0,0.0,0,0,0
inactive_noise,264.0,240.0,0.0,0,0,0
inactive_noise,265.0,7.0,0.0,0,0,0
inactive_noise,265.0,113.0,0.0,0,0,0
inactive_noise,265.0,208.0,0.0,0,0,0
inactive_noise,266.0,82.0,0.0,0,0,0
inactive_noise,266.0,235.0,0.0,0,0,0
inactive_noise,267.0,228.0,0.0,0,0,0
inactive_noise,268.0,124.0,0.0,0,0,0
inactive_noise,270.0,103.0,0.0,0,0,0
inactive_noise,270.0,135.0,0.0,0,0,0
inactive_noise,271.0,44.0,0.0,0,0,0
inactive_noise,271.0,48.0,0.0,0,0,0
inactive_noise,271.0,142.0,0.0,0,0,0
inactive_noise,271.0,187.0,0.0,0,0,0
inactive_noise,271.0,248.0,0.0,0,0,0
inactive_noise,273.0,104.0,0.0,0,0,0
inactive_noise,274.0,140.0,0.0,0,0,0
inactive_noise,275.0,62.0,0.0,0,0,0
inactive_noise,275.0,64.0,0.0,0,0,0
inactive_noise,275.0,129.0,0.0,0,0,0
inactive_noise,275.0,164.0,0.0,0,0,0
inactive_noise,275.0,212.0,0.0,0,0,0
inactive_noise,275.0,249.0,0.0,0,0,0
inactive_noise,276.0,33.0,0.0,0,0,0
inactive_noise,276.0,50.0,0.0,0,0,0
inactive_noise,276.0,181.0,0.0,0,0,0
inactive_noise,277.0,84.0,0.0,0,0,0
inactive_noise,277.0,141.0,0.0,0,0,0
inactive_noise,278.0,179.0,0.0,0,0,0
inactive_noise,279.0,12.0,0.0,0,0,0
inactive_noise,279.0,111.0,0.0,0,0,0
inactive_noise,279.0,145.0,0.0,0,0,0
inactive_noise,279.0,183.0,0.0,0,0,0
inactive_noise,279.0,243.0,0.0,0,0,0
inactive_noise,280.0,15.0,0.0,0,0,0
inactive_noise,280.0,48.0,0.0,0,0,0
inactive_noise,280.0,230.0,0.0,0,0,0
inactive_noise,281.0,55.0,0.0,0,0,0
inactive_noise,281.0,168.0,0.0,0,0,0
inactive_noise,282.0,24.0,0.0,0,0,0
inactive_noise,282.0,46.0,0.0,0,0,0
inactive_noise,282.0,203.0,0.0,0,0,0
inactive_noise,283.0,52.0,0.0,0,0,0
inactive_noise,283.0,231.0,0.0,0,0,0
inactive_noise,283.0,239.0,0.0,0,0,0
inactive_noise,284.0,16.0,0.0,0,0,0
inactive_noise,285.0,208.0,0.0,0,0,0
inactive_noise,286.0,150.0,0.0,0,0,0
inactive_noise,286.0,207.0,0.0,0,0,0
inactive_noise,287.0,65.0,0.0,0,0,0
inactive_noise,287.0,89.0,0.0,0,0,0
inactive_noise,287.0,153.0,0.0,0,0,0
inactive_noise,288.0,8.0,0.0,0,0,0
inactive_noise,288.0,117.0,0.0,0,0,0
inactive_noise,288.0,157.0,0.0,0,0,0
inactive_noise,289.0,92.0,0.0,0,0,0
inactive_noise,290.0,105.0,0.0,0,0,0
inactive_noise,290.0,157.0,0.0,0,0,0
inactive_noise,291.0,195.0,0.0,0,0,0
inactive_noise,291.0,227.0,0.0,0,0,0
inactive_noise,292.0,143.0,0.0,0,0,0
inactive_noise,292.0,229.0,0.0,0,0,0
car_start,107.0,19.0,0.0,0,0,0
